rank,pathway,rewiring_score_ref_thresh,grid_cells_present_of_12,frac_grid_cells,permutation_verdict
1,THREOCAT-PWY: superpathway of L-threonine metabolism,18.645769136569445,12,1.0,"null-consistent (cohort-level p=0.94 n_true, p=0.94 n_pathways, p=0.47 top score; see pathway_permutation_acvd.csv)"
2,3-HYDROXYPHENYLACETATE-DEGRADATION-PWY: 4-hydroxyphenylacetate degradation,14.83455146203203,12,1.0,"null-consistent (cohort-level p=0.94 n_true, p=0.94 n_pathways, p=0.47 top score; see pathway_permutation_acvd.csv)"
3,PWY-7031: protein N-glycosylation (bacterial),13.77162679181287,12,1.0,"null-consistent (cohort-level p=0.94 n_true, p=0.94 n_pathways, p=0.47 top score; see pathway_permutation_acvd.csv)"
4,PWY-7269: NAD/NADP-NADH/NADPH mitochondrial interconversion (yeast),13.74006008607117,12,1.0,"null-consistent (cohort-level p=0.94 n_true, p=0.94 n_pathways, p=0.47 top score; see pathway_permutation_acvd.csv)"
5,"PWY-6953: dTDP-3-acetamido-3,6-dideoxy-&alpha;-D-galactose biosynthesis",13.565535037945091,12,1.0,"null-consistent (cohort-level p=0.94 n_true, p=0.94 n_pathways, p=0.47 top score; see pathway_permutation_acvd.csv)"
6,PROTOCATECHUATE-ORTHO-CLEAVAGE-PWY: protocatechuate degradation II (ortho-cleavage pathway),12.826844385321568,12,1.0,"null-consistent (cohort-level p=0.94 n_true, p=0.94 n_pathways, p=0.47 top score; see pathway_permutation_acvd.csv)"
7,PWY-101: photosynthesis light reactions,12.70977550507305,12,1.0,"null-consistent (cohort-level p=0.94 n_true, p=0.94 n_pathways, p=0.47 top score; see pathway_permutation_acvd.csv)"
8,PWY-3781: aerobic respiration I (cytochrome c),12.275681341719078,12,1.0,"null-consistent (cohort-level p=0.94 n_true, p=0.94 n_pathways, p=0.47 top score; see pathway_permutation_acvd.csv)"
9,PWY-6435: 4-hydroxybenzoate biosynthesis V,11.607262025954856,12,1.0,"null-consistent (cohort-level p=0.94 n_true, p=0.94 n_pathways, p=0.47 top score; see pathway_permutation_acvd.csv)"
10,PWY-7399: methylphosphonate degradation II,11.43331864362762,12,1.0,"null-consistent (cohort-level p=0.94 n_true, p=0.94 n_pathways, p=0.47 top score; see pathway_permutation_acvd.csv)"
11,PWY-5178: toluene degradation IV (aerobic) (via catechol),11.35917758087227,12,1.0,"null-consistent (cohort-level p=0.94 n_true, p=0.94 n_pathways, p=0.47 top score; see pathway_permutation_acvd.csv)"
12,PWY-6785: hydrogen production VIII,11.269938970890813,12,1.0,"null-consistent (cohort-level p=0.94 n_true, p=0.94 n_pathways, p=0.47 top score; see pathway_permutation_acvd.csv)"
13,PWY-5754: 4-hydroxybenzoate biosynthesis I (eukaryotes),10.986270885064393,12,1.0,"null-consistent (cohort-level p=0.94 n_true, p=0.94 n_pathways, p=0.47 top score; see pathway_permutation_acvd.csv)"
14,PWY-7200: superpathway of pyrimidine deoxyribonucleoside salvage,10.819704646160965,12,1.0,"null-consistent (cohort-level p=0.94 n_true, p=0.94 n_pathways, p=0.47 top score; see pathway_permutation_acvd.csv)"
15,PWY3O-1109: superpathway of 4-hydroxybenzoate biosynthesis (yeast),10.33360570658531,12,1.0,"null-consistent (cohort-level p=0.94 n_true, p=0.94 n_pathways, p=0.47 top score; see pathway_permutation_acvd.csv)"
16,P124-PWY: Bifidobacterium shunt,10.01358955753054,12,1.0,"null-consistent (cohort-level p=0.94 n_true, p=0.94 n_pathways, p=0.47 top score; see pathway_permutation_acvd.csv)"
17,UDPNACETYLGALSYN-PWY: UDP-N-acetyl-D-glucosamine biosynthesis II,9.938772856726366,12,1.0,"null-consistent (cohort-level p=0.94 n_true, p=0.94 n_pathways, p=0.47 top score; see pathway_permutation_acvd.csv)"
18,PWY1F-823: leucopelargonidin and leucocyanidin biosynthesis,9.927491928560595,12,1.0,"null-consistent (cohort-level p=0.94 n_true, p=0.94 n_pathways, p=0.47 top score; see pathway_permutation_acvd.csv)"
19,P163-PWY: L-lysine fermentation to acetate and butanoate,9.581714289956668,12,1.0,"null-consistent (cohort-level p=0.94 n_true, p=0.94 n_pathways, p=0.47 top score; see pathway_permutation_acvd.csv)"
20,DENITRIFICATION-PWY: nitrate reduction I (denitrification),9.151337865142647,12,1.0,"null-consistent (cohort-level p=0.94 n_true, p=0.94 n_pathways, p=0.47 top score; see pathway_permutation_acvd.csv)"
21,PWY-7165: L-ascorbate biosynthesis VI (engineered pathway),8.954543181552319,12,1.0,"null-consistent (cohort-level p=0.94 n_true, p=0.94 n_pathways, p=0.47 top score; see pathway_permutation_acvd.csv)"
22,PROPFERM-PWY: L-alanine fermentation to propanoate and acetate,8.940281633045405,12,1.0,"null-consistent (cohort-level p=0.94 n_true, p=0.94 n_pathways, p=0.47 top score; see pathway_permutation_acvd.csv)"
23,PWY-7279: aerobic respiration II (cytochrome c) (yeast),8.93243025318497,12,1.0,"null-consistent (cohort-level p=0.94 n_true, p=0.94 n_pathways, p=0.47 top score; see pathway_permutation_acvd.csv)"
24,PWY-6562: norspermidine biosynthesis,8.930089372257958,12,1.0,"null-consistent (cohort-level p=0.94 n_true, p=0.94 n_pathways, p=0.47 top score; see pathway_permutation_acvd.csv)"
25,PWY-7345: superpathway of anaerobic sucrose degradation,8.722422707190542,12,1.0,"null-consistent (cohort-level p=0.94 n_true, p=0.94 n_pathways, p=0.47 top score; see pathway_permutation_acvd.csv)"
26,PWY-3801: sucrose degradation II (sucrose synthase),8.721448997356074,12,1.0,"null-consistent (cohort-level p=0.94 n_true, p=0.94 n_pathways, p=0.47 top score; see pathway_permutation_acvd.csv)"
27,P162-PWY: L-glutamate degradation V (via hydroxyglutarate),8.21280969382235,12,1.0,"null-consistent (cohort-level p=0.94 n_true, p=0.94 n_pathways, p=0.47 top score; see pathway_permutation_acvd.csv)"
28,"7ALPHADEHYDROX-PWY: cholate degradation (bacteria, anaerobic)",8.209300254477242,12,1.0,"null-consistent (cohort-level p=0.94 n_true, p=0.94 n_pathways, p=0.47 top score; see pathway_permutation_acvd.csv)"
29,PWY1G-0: mycothiol biosynthesis,8.191500779153795,12,1.0,"null-consistent (cohort-level p=0.94 n_true, p=0.94 n_pathways, p=0.47 top score; see pathway_permutation_acvd.csv)"
30,PWY66-388: fatty acid &alpha;-oxidation III,8.190392309667319,12,1.0,"null-consistent (cohort-level p=0.94 n_true, p=0.94 n_pathways, p=0.47 top score; see pathway_permutation_acvd.csv)"
31,"PWY-6396: superpathway of 2,3-butanediol biosynthesis",7.876665156739666,12,1.0,"null-consistent (cohort-level p=0.94 n_true, p=0.94 n_pathways, p=0.47 top score; see pathway_permutation_acvd.csv)"
32,AEROBACTINSYN-PWY: aerobactin biosynthesis,7.717464925012096,12,1.0,"null-consistent (cohort-level p=0.94 n_true, p=0.94 n_pathways, p=0.47 top score; see pathway_permutation_acvd.csv)"
33,URSIN-PWY: ureide biosynthesis,7.654480328386825,12,1.0,"null-consistent (cohort-level p=0.94 n_true, p=0.94 n_pathways, p=0.47 top score; see pathway_permutation_acvd.csv)"
34,PWY-7391: isoprene biosynthesis II (engineered),7.627593115643024,12,1.0,"null-consistent (cohort-level p=0.94 n_true, p=0.94 n_pathways, p=0.47 top score; see pathway_permutation_acvd.csv)"
35,PWY-6572: chondroitin sulfate degradation I (bacterial),7.46466248788876,12,1.0,"null-consistent (cohort-level p=0.94 n_true, p=0.94 n_pathways, p=0.47 top score; see pathway_permutation_acvd.csv)"
36,PWY-5181: toluene degradation III (aerobic) (via p-cresol),7.40889822357407,12,1.0,"null-consistent (cohort-level p=0.94 n_true, p=0.94 n_pathways, p=0.47 top score; see pathway_permutation_acvd.csv)"
37,PWY-5431: aromatic compounds degradation via &beta;-ketoadipate,7.3586963428366685,11,0.9166666666666666,"null-consistent (cohort-level p=0.94 n_true, p=0.94 n_pathways, p=0.47 top score; see pathway_permutation_acvd.csv)"
38,PWY-5417: catechol degradation III (ortho-cleavage pathway),7.358696342836667,11,0.9166666666666666,"null-consistent (cohort-level p=0.94 n_true, p=0.94 n_pathways, p=0.47 top score; see pathway_permutation_acvd.csv)"
39,PWY-6143: CMP-pseudaminate biosynthesis,7.337406170609945,11,0.9166666666666666,"null-consistent (cohort-level p=0.94 n_true, p=0.94 n_pathways, p=0.47 top score; see pathway_permutation_acvd.csv)"
40,PWY-4321: L-glutamate degradation IV,7.298691800963769,12,1.0,"null-consistent (cohort-level p=0.94 n_true, p=0.94 n_pathways, p=0.47 top score; see pathway_permutation_acvd.csv)"
41,CATECHOL-ORTHO-CLEAVAGE-PWY: catechol degradation to &beta;-ketoadipate,7.257472393124298,12,1.0,"null-consistent (cohort-level p=0.94 n_true, p=0.94 n_pathways, p=0.47 top score; see pathway_permutation_acvd.csv)"
42,LPSSYN-PWY: superpathway of lipopolysaccharide biosynthesis,7.225273918219477,12,1.0,"null-consistent (cohort-level p=0.94 n_true, p=0.94 n_pathways, p=0.47 top score; see pathway_permutation_acvd.csv)"
43,PWY-1541: superpathway of taurine degradation,7.217482536276376,12,1.0,"null-consistent (cohort-level p=0.94 n_true, p=0.94 n_pathways, p=0.47 top score; see pathway_permutation_acvd.csv)"
44,PWY3DJ-35471: L-ascorbate biosynthesis IV,7.179968781579926,12,1.0,"null-consistent (cohort-level p=0.94 n_true, p=0.94 n_pathways, p=0.47 top score; see pathway_permutation_acvd.csv)"
45,PWY66-391: fatty acid &beta;-oxidation VI (peroxisome),6.968884855135748,11,0.9166666666666666,"null-consistent (cohort-level p=0.94 n_true, p=0.94 n_pathways, p=0.47 top score; see pathway_permutation_acvd.csv)"
46,P621-PWY: nylon-6 oligomer degradation,6.859206601427366,12,1.0,"null-consistent (cohort-level p=0.94 n_true, p=0.94 n_pathways, p=0.47 top score; see pathway_permutation_acvd.csv)"
47,"PWY-7288: fatty acid &beta;-oxidation (peroxisome, yeast)",6.8428162807862485,11,0.9166666666666666,"null-consistent (cohort-level p=0.94 n_true, p=0.94 n_pathways, p=0.47 top score; see pathway_permutation_acvd.csv)"
48,NONMEVIPP-PWY: methylerythritol phosphate pathway I,6.5916301533605015,12,1.0,"null-consistent (cohort-level p=0.94 n_true, p=0.94 n_pathways, p=0.47 top score; see pathway_permutation_acvd.csv)"
49,PWY-5101: L-isoleucine biosynthesis II,6.586932678540156,12,1.0,"null-consistent (cohort-level p=0.94 n_true, p=0.94 n_pathways, p=0.47 top score; see pathway_permutation_acvd.csv)"
50,PWY0-1533: methylphosphonate degradation I,6.583881639145963,12,1.0,"null-consistent (cohort-level p=0.94 n_true, p=0.94 n_pathways, p=0.47 top score; see pathway_permutation_acvd.csv)"
51,PWY5F9-12: biphenyl degradation,6.544699339052956,12,1.0,"null-consistent (cohort-level p=0.94 n_true, p=0.94 n_pathways, p=0.47 top score; see pathway_permutation_acvd.csv)"
52,ENTBACSYN-PWY: enterobactin biosynthesis,6.427165427812716,12,1.0,"null-consistent (cohort-level p=0.94 n_true, p=0.94 n_pathways, p=0.47 top score; see pathway_permutation_acvd.csv)"
53,PWY-7392: taxadiene biosynthesis (engineered),6.407371614956055,12,1.0,"null-consistent (cohort-level p=0.94 n_true, p=0.94 n_pathways, p=0.47 top score; see pathway_permutation_acvd.csv)"
54,PWY0-41: allantoin degradation IV (anaerobic),6.389498730110176,12,1.0,"null-consistent (cohort-level p=0.94 n_true, p=0.94 n_pathways, p=0.47 top score; see pathway_permutation_acvd.csv)"
55,PWY-6270: isoprene biosynthesis I,6.306459155135449,12,1.0,"null-consistent (cohort-level p=0.94 n_true, p=0.94 n_pathways, p=0.47 top score; see pathway_permutation_acvd.csv)"
56,PWY-5677: succinate fermentation to butanoate,6.279108049078492,12,1.0,"null-consistent (cohort-level p=0.94 n_true, p=0.94 n_pathways, p=0.47 top score; see pathway_permutation_acvd.csv)"
57,PWY-7446: sulfoglycolysis,6.263210603299504,12,1.0,"null-consistent (cohort-level p=0.94 n_true, p=0.94 n_pathways, p=0.47 top score; see pathway_permutation_acvd.csv)"
58,PWY-622: starch biosynthesis,6.118904657894007,11,0.9166666666666666,"null-consistent (cohort-level p=0.94 n_true, p=0.94 n_pathways, p=0.47 top score; see pathway_permutation_acvd.csv)"
59,PWY-6478: GDP-D-glycero-&alpha;-D-manno-heptose biosynthesis,6.118775768663426,12,1.0,"null-consistent (cohort-level p=0.94 n_true, p=0.94 n_pathways, p=0.47 top score; see pathway_permutation_acvd.csv)"
60,PWY-6210: 2-aminophenol degradation,6.0899281212078336,12,1.0,"null-consistent (cohort-level p=0.94 n_true, p=0.94 n_pathways, p=0.47 top score; see pathway_permutation_acvd.csv)"
61,PWY-7312: dTDP-D-&beta;-fucofuranose biosynthesis,5.981494799905287,12,1.0,"null-consistent (cohort-level p=0.94 n_true, p=0.94 n_pathways, p=0.47 top score; see pathway_permutation_acvd.csv)"
62,PWY-6215: 4-chlorobenzoate degradation,5.903482782561034,12,1.0,"null-consistent (cohort-level p=0.94 n_true, p=0.94 n_pathways, p=0.47 top score; see pathway_permutation_acvd.csv)"
63,PWY-6263: superpathway of menaquinol-8 biosynthesis II,5.862454615238862,12,1.0,"null-consistent (cohort-level p=0.94 n_true, p=0.94 n_pathways, p=0.47 top score; see pathway_permutation_acvd.csv)"
64,PWY66-367: ketogenesis,5.739862825608969,12,1.0,"null-consistent (cohort-level p=0.94 n_true, p=0.94 n_pathways, p=0.47 top score; see pathway_permutation_acvd.csv)"
65,PWY-922: mevalonate pathway I,5.618464564816558,12,1.0,"null-consistent (cohort-level p=0.94 n_true, p=0.94 n_pathways, p=0.47 top score; see pathway_permutation_acvd.csv)"
66,PWY-5910: superpathway of geranylgeranyldiphosphate biosynthesis I (via mevalonate),5.605525102825664,12,1.0,"null-consistent (cohort-level p=0.94 n_true, p=0.94 n_pathways, p=0.47 top score; see pathway_permutation_acvd.csv)"
67,PWY0-881: superpathway of fatty acid biosynthesis I (E. coli),5.5935820522325015,12,1.0,"null-consistent (cohort-level p=0.94 n_true, p=0.94 n_pathways, p=0.47 top score; see pathway_permutation_acvd.csv)"
68,PWY-7560: methylerythritol phosphate pathway II,5.502932870346262,11,0.9166666666666666,"null-consistent (cohort-level p=0.94 n_true, p=0.94 n_pathways, p=0.47 top score; see pathway_permutation_acvd.csv)"
69,"PWY-7039: phosphatidate metabolism, as a signaling molecule",5.444928237381067,12,1.0,"null-consistent (cohort-level p=0.94 n_true, p=0.94 n_pathways, p=0.47 top score; see pathway_permutation_acvd.csv)"
70,"PWY-7371: 1,4-dihydroxy-6-naphthoate biosynthesis II",5.377651530561889,6,0.5,"null-consistent (cohort-level p=0.94 n_true, p=0.94 n_pathways, p=0.47 top score; see pathway_permutation_acvd.csv)"
71,PWY-5121: superpathway of geranylgeranyl diphosphate biosynthesis II (via MEP),5.371264017971525,12,1.0,"null-consistent (cohort-level p=0.94 n_true, p=0.94 n_pathways, p=0.47 top score; see pathway_permutation_acvd.csv)"
72,PWY-5692: allantoin degradation to glyoxylate II,5.286419532196193,12,1.0,"null-consistent (cohort-level p=0.94 n_true, p=0.94 n_pathways, p=0.47 top score; see pathway_permutation_acvd.csv)"
73,URDEGR-PWY: superpathway of allantoin degradation in plants,5.286419532196192,12,1.0,"null-consistent (cohort-level p=0.94 n_true, p=0.94 n_pathways, p=0.47 top score; see pathway_permutation_acvd.csv)"
74,PWY-5304: superpathway of sulfur oxidation (Acidianus ambivalens),5.216816045163264,12,1.0,"null-consistent (cohort-level p=0.94 n_true, p=0.94 n_pathways, p=0.47 top score; see pathway_permutation_acvd.csv)"
75,PWY-6071: superpathway of phenylethylamine degradation,5.199890976587577,12,1.0,"null-consistent (cohort-level p=0.94 n_true, p=0.94 n_pathways, p=0.47 top score; see pathway_permutation_acvd.csv)"
76,PWY490-3: nitrate reduction VI (assimilatory),5.081097336619052,12,1.0,"null-consistent (cohort-level p=0.94 n_true, p=0.94 n_pathways, p=0.47 top score; see pathway_permutation_acvd.csv)"
77,RUMP-PWY: formaldehyde oxidation I,4.998408485194244,6,0.5,"null-consistent (cohort-level p=0.94 n_true, p=0.94 n_pathways, p=0.47 top score; see pathway_permutation_acvd.csv)"
78,PWY-6182: superpathway of salicylate degradation,4.968660075854166,12,1.0,"null-consistent (cohort-level p=0.94 n_true, p=0.94 n_pathways, p=0.47 top score; see pathway_permutation_acvd.csv)"
79,PWY0-321: phenylacetate degradation I (aerobic),4.946074159246109,12,1.0,"null-consistent (cohort-level p=0.94 n_true, p=0.94 n_pathways, p=0.47 top score; see pathway_permutation_acvd.csv)"
80,PWY-4722: creatinine degradation II,4.7651795153419085,12,1.0,"null-consistent (cohort-level p=0.94 n_true, p=0.94 n_pathways, p=0.47 top score; see pathway_permutation_acvd.csv)"
81,PWY-6285: superpathway of fatty acids biosynthesis (E. coli),4.736228066093482,12,1.0,"null-consistent (cohort-level p=0.94 n_true, p=0.94 n_pathways, p=0.47 top score; see pathway_permutation_acvd.csv)"
82,PWY-5265: peptidoglycan biosynthesis II (staphylococci),4.71473473697905,11,0.9166666666666666,"null-consistent (cohort-level p=0.94 n_true, p=0.94 n_pathways, p=0.47 top score; see pathway_permutation_acvd.csv)"
83,PWY-5088: L-glutamate degradation VIII (to propanoate),4.639493630059667,12,1.0,"null-consistent (cohort-level p=0.94 n_true, p=0.94 n_pathways, p=0.47 top score; see pathway_permutation_acvd.csv)"
84,PWY-6185: 4-methylcatechol degradation (ortho cleavage),4.597328700810207,12,1.0,"null-consistent (cohort-level p=0.94 n_true, p=0.94 n_pathways, p=0.47 top score; see pathway_permutation_acvd.csv)"
85,"PWY-7409: phospholipid remodeling (phosphatidylethanolamine, yeast)",4.542799526356456,12,1.0,"null-consistent (cohort-level p=0.94 n_true, p=0.94 n_pathways, p=0.47 top score; see pathway_permutation_acvd.csv)"
86,PWY-5994: palmitate biosynthesis I (animals and fungi),4.528487926493431,11,0.9166666666666666,"null-consistent (cohort-level p=0.94 n_true, p=0.94 n_pathways, p=0.47 top score; see pathway_permutation_acvd.csv)"
87,PWY-7316: dTDP-N-acetylviosamine biosynthesis,4.341667348948758,12,1.0,"null-consistent (cohort-level p=0.94 n_true, p=0.94 n_pathways, p=0.47 top score; see pathway_permutation_acvd.csv)"
88,PWY-5415: catechol degradation I (meta-cleavage pathway),4.339455597790085,12,1.0,"null-consistent (cohort-level p=0.94 n_true, p=0.94 n_pathways, p=0.47 top score; see pathway_permutation_acvd.csv)"
89,P23-PWY: reductive TCA cycle I,4.33210586266831,6,0.5,"null-consistent (cohort-level p=0.94 n_true, p=0.94 n_pathways, p=0.47 top score; see pathway_permutation_acvd.csv)"
90,PWY-5004: superpathway of L-citrulline metabolism,4.32522986990561,12,1.0,"null-consistent (cohort-level p=0.94 n_true, p=0.94 n_pathways, p=0.47 top score; see pathway_permutation_acvd.csv)"
91,PWY-6876: isopropanol biosynthesis,4.1552939180886765,12,1.0,"null-consistent (cohort-level p=0.94 n_true, p=0.94 n_pathways, p=0.47 top score; see pathway_permutation_acvd.csv)"
92,"P125-PWY: superpathway of (R,R)-butanediol biosynthesis",3.540358607727427,12,1.0,"null-consistent (cohort-level p=0.94 n_true, p=0.94 n_pathways, p=0.47 top score; see pathway_permutation_acvd.csv)"
93,"PWY-5509: adenosylcobalamin biosynthesis from cobyrinate a,c-diamide I",3.257966314650714,12,1.0,"null-consistent (cohort-level p=0.94 n_true, p=0.94 n_pathways, p=0.47 top score; see pathway_permutation_acvd.csv)"
94,PWY-5654: 2-amino-3-carboxymuconate semialdehyde degradation to 2-oxopentenoate,3.157679623551392,12,1.0,"null-consistent (cohort-level p=0.94 n_true, p=0.94 n_pathways, p=0.47 top score; see pathway_permutation_acvd.csv)"
95,PWY-7616: methanol oxidation to carbon dioxide,2.886526281551679,12,1.0,"null-consistent (cohort-level p=0.94 n_true, p=0.94 n_pathways, p=0.47 top score; see pathway_permutation_acvd.csv)"
96,PWY-6749: CMP-legionaminate biosynthesis I,2.812977370741089,11,0.9166666666666666,"null-consistent (cohort-level p=0.94 n_true, p=0.94 n_pathways, p=0.47 top score; see pathway_permutation_acvd.csv)"
97,PWY-7294: xylose degradation IV,2.780722733520976,12,1.0,"null-consistent (cohort-level p=0.94 n_true, p=0.94 n_pathways, p=0.47 top score; see pathway_permutation_acvd.csv)"
98,PWY-5392: reductive TCA cycle II,2.406547331075633,6,0.5,"null-consistent (cohort-level p=0.94 n_true, p=0.94 n_pathways, p=0.47 top score; see pathway_permutation_acvd.csv)"
99,POLYAMINSYN3-PWY: superpathway of polyamine biosynthesis II,2.024350911143364,9,0.75,"null-consistent (cohort-level p=0.94 n_true, p=0.94 n_pathways, p=0.47 top score; see pathway_permutation_acvd.csv)"
100,PWY-7268: NAD/NADP-NADH/NADPH cytosolic interconversion (yeast),1.804995437388848,12,1.0,"null-consistent (cohort-level p=0.94 n_true, p=0.94 n_pathways, p=0.47 top score; see pathway_permutation_acvd.csv)"
101,PWY-5180: toluene degradation I (aerobic) (via o-cresol),1.60749357279868,10,0.8333333333333334,"null-consistent (cohort-level p=0.94 n_true, p=0.94 n_pathways, p=0.47 top score; see pathway_permutation_acvd.csv)"
102,PWY-5182: toluene degradation II (aerobic) (via 4-methylcatechol),1.60749357279868,10,0.8333333333333334,"null-consistent (cohort-level p=0.94 n_true, p=0.94 n_pathways, p=0.47 top score; see pathway_permutation_acvd.csv)"
103,P562-PWY: myo-inositol degradation I,1.5447105403111177,12,1.0,"null-consistent (cohort-level p=0.94 n_true, p=0.94 n_pathways, p=0.47 top score; see pathway_permutation_acvd.csv)"
104,PWY-7245: superpathway NAD/NADP - NADH/NADPH interconversion (yeast),1.4853447236931756,12,1.0,"null-consistent (cohort-level p=0.94 n_true, p=0.94 n_pathways, p=0.47 top score; see pathway_permutation_acvd.csv)"
105,ALLANTOINDEG-PWY: superpathway of allantoin degradation in yeast,,1,0.0833333333333333,"null-consistent (cohort-level p=0.94 n_true, p=0.94 n_pathways, p=0.47 top score; see pathway_permutation_acvd.csv)"
