rank,pathway,rewiring_score,permutation_verdict,cohort,condition
1,PWY-6471: peptidoglycan biosynthesis IV (Enterococcus faecium),38.38246905148125,"null-consistent (IBD arm: p=0.48 n_true, p=0.87 n_pathways, p=0.49 top score; see pathway_permutation_crosscohort.csv)",ibd_subject,IBD
2,PWY-6470: peptidoglycan biosynthesis V (&beta;-lactam resistance),36.64194484760522,"null-consistent (IBD arm: p=0.48 n_true, p=0.87 n_pathways, p=0.49 top score; see pathway_permutation_crosscohort.csv)",ibd_subject,IBD
3,"PWY-7383: anaerobic energy metabolism (invertebrates, cytosol)",36.11525655254845,"null-consistent (IBD arm: p=0.48 n_true, p=0.87 n_pathways, p=0.49 top score; see pathway_permutation_crosscohort.csv)",ibd_subject,IBD
4,"PWY-7385: 1,3-propanediol biosynthesis (engineered)",32.81915307777683,"null-consistent (IBD arm: p=0.48 n_true, p=0.87 n_pathways, p=0.49 top score; see pathway_permutation_crosscohort.csv)",ibd_subject,IBD
5,PWY0-1533: methylphosphonate degradation I,31.88753863228891,"null-consistent (IBD arm: p=0.48 n_true, p=0.87 n_pathways, p=0.49 top score; see pathway_permutation_crosscohort.csv)",ibd_subject,IBD
6,PWY-5005: biotin biosynthesis II,31.01274310595065,"null-consistent (IBD arm: p=0.48 n_true, p=0.87 n_pathways, p=0.49 top score; see pathway_permutation_crosscohort.csv)",ibd_subject,IBD
7,PWY-821: superpathway of sulfur amino acid biosynthesis (Saccharomyces cerevisiae),30.986387774267914,"null-consistent (IBD arm: p=0.48 n_true, p=0.87 n_pathways, p=0.49 top score; see pathway_permutation_crosscohort.csv)",ibd_subject,IBD
8,PWY-5173: superpathway of acetyl-CoA biosynthesis,30.733876888926844,"null-consistent (IBD arm: p=0.48 n_true, p=0.87 n_pathways, p=0.49 top score; see pathway_permutation_crosscohort.csv)",ibd_subject,IBD
9,PWY66-399: gluconeogenesis III,30.64677537778537,"null-consistent (IBD arm: p=0.48 n_true, p=0.87 n_pathways, p=0.49 top score; see pathway_permutation_crosscohort.csv)",ibd_subject,IBD
10,PWY0-1415: superpathway of heme biosynthesis from uroporphyrinogen-III,28.928983181080856,"null-consistent (IBD arm: p=0.48 n_true, p=0.87 n_pathways, p=0.49 top score; see pathway_permutation_crosscohort.csv)",ibd_subject,IBD
11,ENTBACSYN-PWY: enterobactin biosynthesis,28.714737471185863,"null-consistent (IBD arm: p=0.48 n_true, p=0.87 n_pathways, p=0.49 top score; see pathway_permutation_crosscohort.csv)",ibd_subject,IBD
12,PWY-5304: superpathway of sulfur oxidation (Acidianus ambivalens),27.73772901903867,"null-consistent (IBD arm: p=0.48 n_true, p=0.87 n_pathways, p=0.49 top score; see pathway_permutation_crosscohort.csv)",ibd_subject,IBD
13,ORNARGDEG-PWY: superpathway of L-arginine and L-ornithine degradation,27.72730641167934,"null-consistent (IBD arm: p=0.48 n_true, p=0.87 n_pathways, p=0.49 top score; see pathway_permutation_crosscohort.csv)",ibd_subject,IBD
14,"ARGDEG-PWY: superpathway of L-arginine, putrescine, and 4-aminobutanoate degradation",27.727306411679336,"null-consistent (IBD arm: p=0.48 n_true, p=0.87 n_pathways, p=0.49 top score; see pathway_permutation_crosscohort.csv)",ibd_subject,IBD
15,PWY-6628: superpathway of L-phenylalanine biosynthesis,27.67749338342013,"null-consistent (IBD arm: p=0.48 n_true, p=0.87 n_pathways, p=0.49 top score; see pathway_permutation_crosscohort.csv)",ibd_subject,IBD
16,PWY-6630: superpathway of L-tyrosine biosynthesis,27.4921437718774,"null-consistent (IBD arm: p=0.48 n_true, p=0.87 n_pathways, p=0.49 top score; see pathway_permutation_crosscohort.csv)",ibd_subject,IBD
17,PWY-7196: superpathway of pyrimidine ribonucleosides salvage,27.277139929992323,"null-consistent (IBD arm: p=0.48 n_true, p=0.87 n_pathways, p=0.49 top score; see pathway_permutation_crosscohort.csv)",ibd_subject,IBD
18,"GOLPDLCAT-PWY: superpathway of glycerol degradation to 1,3-propanediol",26.97501750192093,"null-consistent (IBD arm: p=0.48 n_true, p=0.87 n_pathways, p=0.49 top score; see pathway_permutation_crosscohort.csv)",ibd_subject,IBD
19,PWY-5723: Rubisco shunt,26.952179629471527,"null-consistent (IBD arm: p=0.48 n_true, p=0.87 n_pathways, p=0.49 top score; see pathway_permutation_crosscohort.csv)",ibd_subject,IBD
20,PWY-5088: L-glutamate degradation VIII (to propanoate),26.757906599504818,"null-consistent (IBD arm: p=0.48 n_true, p=0.87 n_pathways, p=0.49 top score; see pathway_permutation_crosscohort.csv)",ibd_subject,IBD
21,PWY-5850: superpathway of menaquinol-6 biosynthesis I,26.73823102535645,"null-consistent (IBD arm: p=0.48 n_true, p=0.87 n_pathways, p=0.49 top score; see pathway_permutation_crosscohort.csv)",ibd_subject,IBD
22,PWY-5896: superpathway of menaquinol-10 biosynthesis,26.738231025356445,"null-consistent (IBD arm: p=0.48 n_true, p=0.87 n_pathways, p=0.49 top score; see pathway_permutation_crosscohort.csv)",ibd_subject,IBD
23,P122-PWY: heterolactic fermentation,26.489280286860755,"null-consistent (IBD arm: p=0.48 n_true, p=0.87 n_pathways, p=0.49 top score; see pathway_permutation_crosscohort.csv)",ibd_subject,IBD
24,PWY-5189: tetrapyrrole biosynthesis II (from glycine),26.37065824297788,"null-consistent (IBD arm: p=0.48 n_true, p=0.87 n_pathways, p=0.49 top score; see pathway_permutation_crosscohort.csv)",ibd_subject,IBD
25,ECASYN-PWY: enterobacterial common antigen biosynthesis,26.171015111414658,"null-consistent (IBD arm: p=0.48 n_true, p=0.87 n_pathways, p=0.49 top score; see pathway_permutation_crosscohort.csv)",ibd_subject,IBD
26,ORNDEG-PWY: superpathway of ornithine degradation,26.093407325194235,"null-consistent (IBD arm: p=0.48 n_true, p=0.87 n_pathways, p=0.49 top score; see pathway_permutation_crosscohort.csv)",ibd_subject,IBD
27,P42-PWY: incomplete reductive TCA cycle,25.99136514983352,"null-consistent (IBD arm: p=0.48 n_true, p=0.87 n_pathways, p=0.49 top score; see pathway_permutation_crosscohort.csv)",ibd_subject,IBD
28,P124-PWY: Bifidobacterium shunt,25.877708528984893,"null-consistent (IBD arm: p=0.48 n_true, p=0.87 n_pathways, p=0.49 top score; see pathway_permutation_crosscohort.csv)",ibd_subject,IBD
29,"PWY-241: C4 photosynthetic carbon assimilation cycle, NADP-ME type",25.48576282762742,"null-consistent (IBD arm: p=0.48 n_true, p=0.87 n_pathways, p=0.49 top score; see pathway_permutation_crosscohort.csv)",ibd_subject,IBD
30,PWY-6549: L-glutamine biosynthesis III,25.343867497652184,"null-consistent (IBD arm: p=0.48 n_true, p=0.87 n_pathways, p=0.49 top score; see pathway_permutation_crosscohort.csv)",ibd_subject,IBD
31,PWY-5860: superpathway of demethylmenaquinol-6 biosynthesis I,25.2060804234611,"null-consistent (IBD arm: p=0.48 n_true, p=0.87 n_pathways, p=0.49 top score; see pathway_permutation_crosscohort.csv)",ibd_subject,IBD
32,PWY-6572: chondroitin sulfate degradation I (bacterial),25.1387432767011,"null-consistent (IBD arm: p=0.48 n_true, p=0.87 n_pathways, p=0.49 top score; see pathway_permutation_crosscohort.csv)",ibd_subject,IBD
33,PWY-5862: superpathway of demethylmenaquinol-9 biosynthesis,24.778951592247928,"null-consistent (IBD arm: p=0.48 n_true, p=0.87 n_pathways, p=0.49 top score; see pathway_permutation_crosscohort.csv)",ibd_subject,IBD
34,"PWY-7237: myo-, chiro- and scillo-inositol degradation",24.75984973960557,"null-consistent (IBD arm: p=0.48 n_true, p=0.87 n_pathways, p=0.49 top score; see pathway_permutation_crosscohort.csv)",ibd_subject,IBD
35,PWY-6629: superpathway of L-tryptophan biosynthesis,24.36767864765644,"null-consistent (IBD arm: p=0.48 n_true, p=0.87 n_pathways, p=0.49 top score; see pathway_permutation_crosscohort.csv)",ibd_subject,IBD
36,GLUDEG-I-PWY: GABA shunt,24.347535217279933,"null-consistent (IBD arm: p=0.48 n_true, p=0.87 n_pathways, p=0.49 top score; see pathway_permutation_crosscohort.csv)",ibd_subject,IBD
37,PWY-7003: glycerol degradation to butanol,24.305855032869463,"null-consistent (IBD arm: p=0.48 n_true, p=0.87 n_pathways, p=0.49 top score; see pathway_permutation_crosscohort.csv)",ibd_subject,IBD
38,GLYOXYLATE-BYPASS: glyoxylate cycle,24.254156919661916,"null-consistent (IBD arm: p=0.48 n_true, p=0.87 n_pathways, p=0.49 top score; see pathway_permutation_crosscohort.csv)",ibd_subject,IBD
39,PWY-5705: allantoin degradation to glyoxylate III,24.24107914283276,"null-consistent (IBD arm: p=0.48 n_true, p=0.87 n_pathways, p=0.49 top score; see pathway_permutation_crosscohort.csv)",ibd_subject,IBD
40,AST-PWY: L-arginine degradation II (AST pathway),24.191703235721,"null-consistent (IBD arm: p=0.48 n_true, p=0.87 n_pathways, p=0.49 top score; see pathway_permutation_crosscohort.csv)",ibd_subject,IBD
41,"GLYCOLYSIS-TCA-GLYOX-BYPASS: superpathway of glycolysis, pyruvate dehydrogenase, TCA, and glyoxylate bypass",24.134051054384013,"null-consistent (IBD arm: p=0.48 n_true, p=0.87 n_pathways, p=0.49 top score; see pathway_permutation_crosscohort.csv)",ibd_subject,IBD
42,PWY-5845: superpathway of menaquinol-9 biosynthesis,24.09165030308204,"null-consistent (IBD arm: p=0.48 n_true, p=0.87 n_pathways, p=0.49 top score; see pathway_permutation_crosscohort.csv)",ibd_subject,IBD
43,PWY-6803: phosphatidylcholine acyl editing,24.070229659352847,"null-consistent (IBD arm: p=0.48 n_true, p=0.87 n_pathways, p=0.49 top score; see pathway_permutation_crosscohort.csv)",ibd_subject,IBD
44,PWY-6478: GDP-D-glycero-&alpha;-D-manno-heptose biosynthesis,24.06553402202682,"null-consistent (IBD arm: p=0.48 n_true, p=0.87 n_pathways, p=0.49 top score; see pathway_permutation_crosscohort.csv)",ibd_subject,IBD
45,PWY-5675: nitrate reduction V (assimilatory),23.948991718603256,"null-consistent (IBD arm: p=0.48 n_true, p=0.87 n_pathways, p=0.49 top score; see pathway_permutation_crosscohort.csv)",ibd_subject,IBD
46,P105-PWY: TCA cycle IV (2-oxoglutarate decarboxylase),23.88022539059165,"null-consistent (IBD arm: p=0.48 n_true, p=0.87 n_pathways, p=0.49 top score; see pathway_permutation_crosscohort.csv)",ibd_subject,IBD
47,PWY-7211: superpathway of pyrimidine deoxyribonucleotides de novo biosynthesis,23.742969350294555,"null-consistent (IBD arm: p=0.48 n_true, p=0.87 n_pathways, p=0.49 top score; see pathway_permutation_crosscohort.csv)",ibd_subject,IBD
48,ARG+POLYAMINE-SYN: superpathway of arginine and polyamine biosynthesis,23.73397250917785,"null-consistent (IBD arm: p=0.48 n_true, p=0.87 n_pathways, p=0.49 top score; see pathway_permutation_crosscohort.csv)",ibd_subject,IBD
49,PWY-6595: superpathway of guanosine nucleotides degradation (plants),23.696270810210883,"null-consistent (IBD arm: p=0.48 n_true, p=0.87 n_pathways, p=0.49 top score; see pathway_permutation_crosscohort.csv)",ibd_subject,IBD
50,PWY-7332: superpathway of UDP-N-acetylglucosamine-derived O-antigen building blocks biosynthesis,23.50987108341159,"null-consistent (IBD arm: p=0.48 n_true, p=0.87 n_pathways, p=0.49 top score; see pathway_permutation_crosscohort.csv)",ibd_subject,IBD
51,"PWY-7288: fatty acid &beta;-oxidation (peroxisome, yeast)",23.361441133782964,"null-consistent (IBD arm: p=0.48 n_true, p=0.87 n_pathways, p=0.49 top score; see pathway_permutation_crosscohort.csv)",ibd_subject,IBD
52,PWY-7046: 4-coumarate degradation (anaerobic),23.313403910185265,"null-consistent (IBD arm: p=0.48 n_true, p=0.87 n_pathways, p=0.49 top score; see pathway_permutation_crosscohort.csv)",ibd_subject,IBD
53,PWY-5692: allantoin degradation to glyoxylate II,23.288947323486724,"null-consistent (IBD arm: p=0.48 n_true, p=0.87 n_pathways, p=0.49 top score; see pathway_permutation_crosscohort.csv)",ibd_subject,IBD
54,URDEGR-PWY: superpathway of allantoin degradation in plants,23.288947323486724,"null-consistent (IBD arm: p=0.48 n_true, p=0.87 n_pathways, p=0.49 top score; see pathway_permutation_crosscohort.csv)",ibd_subject,IBD
55,TCA-GLYOX-BYPASS: superpathway of glyoxylate bypass and TCA,23.1740715444378,"null-consistent (IBD arm: p=0.48 n_true, p=0.87 n_pathways, p=0.49 top score; see pathway_permutation_crosscohort.csv)",ibd_subject,IBD
56,KDO-NAGLIPASYN-PWY: superpathway of (Kdo)2-lipid A biosynthesis,23.16412874583796,"null-consistent (IBD arm: p=0.48 n_true, p=0.87 n_pathways, p=0.49 top score; see pathway_permutation_crosscohort.csv)",ibd_subject,IBD
57,GLYCOL-GLYOXDEG-PWY: superpathway of glycol metabolism and degradation,22.935126782207806,"null-consistent (IBD arm: p=0.48 n_true, p=0.87 n_pathways, p=0.49 top score; see pathway_permutation_crosscohort.csv)",ibd_subject,IBD
58,P161-PWY: acetylene degradation,22.928141381371123,"null-consistent (IBD arm: p=0.48 n_true, p=0.87 n_pathways, p=0.49 top score; see pathway_permutation_crosscohort.csv)",ibd_subject,IBD
59,P185-PWY: formaldehyde assimilation III (dihydroxyacetone cycle),22.89332877998805,"null-consistent (IBD arm: p=0.48 n_true, p=0.87 n_pathways, p=0.49 top score; see pathway_permutation_crosscohort.csv)",ibd_subject,IBD
60,REDCITCYC: TCA cycle VIII (helicobacter),22.883901647741823,"null-consistent (IBD arm: p=0.48 n_true, p=0.87 n_pathways, p=0.49 top score; see pathway_permutation_crosscohort.csv)",ibd_subject,IBD
61,PWY-5918: superpathay of heme biosynthesis from glutamate,22.488756082984715,"null-consistent (IBD arm: p=0.48 n_true, p=0.87 n_pathways, p=0.49 top score; see pathway_permutation_crosscohort.csv)",ibd_subject,IBD
62,PWY-6823: molybdenum cofactor biosynthesis,22.28392555280457,"null-consistent (IBD arm: p=0.48 n_true, p=0.87 n_pathways, p=0.49 top score; see pathway_permutation_crosscohort.csv)",ibd_subject,IBD
63,RUMP-PWY: formaldehyde oxidation I,22.263652352087423,"null-consistent (IBD arm: p=0.48 n_true, p=0.87 n_pathways, p=0.49 top score; see pathway_permutation_crosscohort.csv)",ibd_subject,IBD
64,UBISYN-PWY: superpathway of ubiquinol-8 biosynthesis (prokaryotic),22.24383505506702,"null-consistent (IBD arm: p=0.48 n_true, p=0.87 n_pathways, p=0.49 top score; see pathway_permutation_crosscohort.csv)",ibd_subject,IBD
65,PWY-7210: pyrimidine deoxyribonucleotides biosynthesis from CTP,22.06177409715701,"null-consistent (IBD arm: p=0.48 n_true, p=0.87 n_pathways, p=0.49 top score; see pathway_permutation_crosscohort.csv)",ibd_subject,IBD
66,"PRPP-PWY: superpathway of histidine, purine, and pyrimidine biosynthesis",21.92366771962777,"null-consistent (IBD arm: p=0.48 n_true, p=0.87 n_pathways, p=0.49 top score; see pathway_permutation_crosscohort.csv)",ibd_subject,IBD
67,PWY-6891: thiazole biosynthesis II (Bacillus),21.88545206181166,"null-consistent (IBD arm: p=0.48 n_true, p=0.87 n_pathways, p=0.49 top score; see pathway_permutation_crosscohort.csv)",ibd_subject,IBD
68,P164-PWY: purine nucleobases degradation I (anaerobic),21.80215999316999,"null-consistent (IBD arm: p=0.48 n_true, p=0.87 n_pathways, p=0.49 top score; see pathway_permutation_crosscohort.csv)",ibd_subject,IBD
69,PWY-6876: isopropanol biosynthesis,21.78999060872535,"null-consistent (IBD arm: p=0.48 n_true, p=0.87 n_pathways, p=0.49 top score; see pathway_permutation_crosscohort.csv)",ibd_subject,IBD
70,PWY-7312: dTDP-D-&beta;-fucofuranose biosynthesis,21.783730897293605,"null-consistent (IBD arm: p=0.48 n_true, p=0.87 n_pathways, p=0.49 top score; see pathway_permutation_crosscohort.csv)",ibd_subject,IBD
71,PWY-4702: phytate degradation I,21.67913258772305,"null-consistent (IBD arm: p=0.48 n_true, p=0.87 n_pathways, p=0.49 top score; see pathway_permutation_crosscohort.csv)",ibd_subject,IBD
72,FERMENTATION-PWY: mixed acid fermentation,21.64575429010501,"null-consistent (IBD arm: p=0.48 n_true, p=0.87 n_pathways, p=0.49 top score; see pathway_permutation_crosscohort.csv)",ibd_subject,IBD
73,FAO-PWY: fatty acid &beta;-oxidation I,21.539387005890894,"null-consistent (IBD arm: p=0.48 n_true, p=0.87 n_pathways, p=0.49 top score; see pathway_permutation_crosscohort.csv)",ibd_subject,IBD
74,PWY0-42: 2-methylcitrate cycle I,21.515674891146585,"null-consistent (IBD arm: p=0.48 n_true, p=0.87 n_pathways, p=0.49 top score; see pathway_permutation_crosscohort.csv)",ibd_subject,IBD
75,P162-PWY: L-glutamate degradation V (via hydroxyglutarate),21.50952958251515,"null-consistent (IBD arm: p=0.48 n_true, p=0.87 n_pathways, p=0.49 top score; see pathway_permutation_crosscohort.csv)",ibd_subject,IBD
76,SO4ASSIM-PWY: sulfate reduction I (assimilatory),21.32278323230598,"null-consistent (IBD arm: p=0.48 n_true, p=0.87 n_pathways, p=0.49 top score; see pathway_permutation_crosscohort.csv)",ibd_subject,IBD
77,PWY-5920: superpathway of heme biosynthesis from glycine,21.280911807393487,"null-consistent (IBD arm: p=0.48 n_true, p=0.87 n_pathways, p=0.49 top score; see pathway_permutation_crosscohort.csv)",ibd_subject,IBD
78,"PWY-6318: L-phenylalanine degradation IV (mammalian, via side chain)",20.961441133782976,"null-consistent (IBD arm: p=0.48 n_true, p=0.87 n_pathways, p=0.49 top score; see pathway_permutation_crosscohort.csv)",ibd_subject,IBD
79,PWY-7094: fatty acid salvage,20.81911209766925,"null-consistent (IBD arm: p=0.48 n_true, p=0.87 n_pathways, p=0.49 top score; see pathway_permutation_crosscohort.csv)",ibd_subject,IBD
80,PWY0-1479: tRNA processing,20.692760180995464,"null-consistent (IBD arm: p=0.48 n_true, p=0.87 n_pathways, p=0.49 top score; see pathway_permutation_crosscohort.csv)",ibd_subject,IBD
81,PWY-5941: glycogen degradation II (eukaryotic),20.6565849910356,"null-consistent (IBD arm: p=0.48 n_true, p=0.87 n_pathways, p=0.49 top score; see pathway_permutation_crosscohort.csv)",ibd_subject,IBD
82,PWY-561: superpathway of glyoxylate cycle and fatty acid degradation,20.451751045846496,"null-consistent (IBD arm: p=0.48 n_true, p=0.87 n_pathways, p=0.49 top score; see pathway_permutation_crosscohort.csv)",ibd_subject,IBD
83,PPGPPMET-PWY: ppGpp biosynthesis,20.341494066421923,"null-consistent (IBD arm: p=0.48 n_true, p=0.87 n_pathways, p=0.49 top score; see pathway_permutation_crosscohort.csv)",ibd_subject,IBD
84,PWY-6285: superpathway of fatty acids biosynthesis (E. coli),20.164267053701018,"null-consistent (IBD arm: p=0.48 n_true, p=0.87 n_pathways, p=0.49 top score; see pathway_permutation_crosscohort.csv)",ibd_subject,IBD
85,PWY-6969: TCA cycle V (2-oxoglutarate:ferredoxin oxidoreductase),20.123855545120804,"null-consistent (IBD arm: p=0.48 n_true, p=0.87 n_pathways, p=0.49 top score; see pathway_permutation_crosscohort.csv)",ibd_subject,IBD
86,"PWY-7117: C4 photosynthetic carbon assimilation cycle, PEPCK type",20.07964142405873,"null-consistent (IBD arm: p=0.48 n_true, p=0.87 n_pathways, p=0.49 top score; see pathway_permutation_crosscohort.csv)",ibd_subject,IBD
87,CENTFERM-PWY: pyruvate fermentation to butanoate,20.07552463075216,"null-consistent (IBD arm: p=0.48 n_true, p=0.87 n_pathways, p=0.49 top score; see pathway_permutation_crosscohort.csv)",ibd_subject,IBD
88,"PWY-7371: 1,4-dihydroxy-6-naphthoate biosynthesis II",20.036730128916588,"null-consistent (IBD arm: p=0.48 n_true, p=0.87 n_pathways, p=0.49 top score; see pathway_permutation_crosscohort.csv)",ibd_subject,IBD
89,KETOGLUCONMET-PWY: ketogluconate metabolism,19.95607786220439,"null-consistent (IBD arm: p=0.48 n_true, p=0.87 n_pathways, p=0.49 top score; see pathway_permutation_crosscohort.csv)",ibd_subject,IBD
90,PWY-5136: fatty acid &beta;-oxidation II (peroxisome),19.88149918893538,"null-consistent (IBD arm: p=0.48 n_true, p=0.87 n_pathways, p=0.49 top score; see pathway_permutation_crosscohort.csv)",ibd_subject,IBD
91,PWY0-1277: 3-phenylpropanoate and 3-(3-hydroxyphenyl)propanoate degradation,19.79531460770084,"null-consistent (IBD arm: p=0.48 n_true, p=0.87 n_pathways, p=0.49 top score; see pathway_permutation_crosscohort.csv)",ibd_subject,IBD
92,"PWY-7013: L-1,2-propanediol degradation",19.717032357209938,"null-consistent (IBD arm: p=0.48 n_true, p=0.87 n_pathways, p=0.49 top score; see pathway_permutation_crosscohort.csv)",ibd_subject,IBD
93,P163-PWY: L-lysine fermentation to acetate and butanoate,19.631264407069065,"null-consistent (IBD arm: p=0.48 n_true, p=0.87 n_pathways, p=0.49 top score; see pathway_permutation_crosscohort.csv)",ibd_subject,IBD
94,PWY-6263: superpathway of menaquinol-8 biosynthesis II,19.62553743703577,"null-consistent (IBD arm: p=0.48 n_true, p=0.87 n_pathways, p=0.49 top score; see pathway_permutation_crosscohort.csv)",ibd_subject,IBD
95,PWY-5855: ubiquinol-7 biosynthesis (prokaryotic),19.54052420387604,"null-consistent (IBD arm: p=0.48 n_true, p=0.87 n_pathways, p=0.49 top score; see pathway_permutation_crosscohort.csv)",ibd_subject,IBD
96,PWY-5857: ubiquinol-10 biosynthesis (prokaryotic),19.54052420387604,"null-consistent (IBD arm: p=0.48 n_true, p=0.87 n_pathways, p=0.49 top score; see pathway_permutation_crosscohort.csv)",ibd_subject,IBD
97,PWY-5856: ubiquinol-9 biosynthesis (prokaryotic),19.54052420387604,"null-consistent (IBD arm: p=0.48 n_true, p=0.87 n_pathways, p=0.49 top score; see pathway_permutation_crosscohort.csv)",ibd_subject,IBD
98,PWY-6708: ubiquinol-8 biosynthesis (prokaryotic),19.54052420387604,"null-consistent (IBD arm: p=0.48 n_true, p=0.87 n_pathways, p=0.49 top score; see pathway_permutation_crosscohort.csv)",ibd_subject,IBD
99,PWY-7254: TCA cycle VII (acetate-producers),19.50360112695296,"null-consistent (IBD arm: p=0.48 n_true, p=0.87 n_pathways, p=0.49 top score; see pathway_permutation_crosscohort.csv)",ibd_subject,IBD
100,PYRIDNUCSAL-PWY: NAD salvage pathway I,19.466444121915824,"null-consistent (IBD arm: p=0.48 n_true, p=0.87 n_pathways, p=0.49 top score; see pathway_permutation_crosscohort.csv)",ibd_subject,IBD
101,"PWY-6837: fatty acid beta-oxidation V (unsaturated, odd number, di-isomerase-dependent)",19.4403158883292,"null-consistent (IBD arm: p=0.48 n_true, p=0.87 n_pathways, p=0.49 top score; see pathway_permutation_crosscohort.csv)",ibd_subject,IBD
102,METH-ACETATE-PWY: methanogenesis from acetate,19.190919491163665,"null-consistent (IBD arm: p=0.48 n_true, p=0.87 n_pathways, p=0.49 top score; see pathway_permutation_crosscohort.csv)",ibd_subject,IBD
103,PWY-6590: superpathway of Clostridium acetobutylicum acidogenic fermentation,18.95638862802015,"null-consistent (IBD arm: p=0.48 n_true, p=0.87 n_pathways, p=0.49 top score; see pathway_permutation_crosscohort.csv)",ibd_subject,IBD
104,PWY-5913: TCA cycle VI (obligate autotrophs),18.941994365235207,"null-consistent (IBD arm: p=0.48 n_true, p=0.87 n_pathways, p=0.49 top score; see pathway_permutation_crosscohort.csv)",ibd_subject,IBD
105,PWY-5656: mannosylglycerate biosynthesis I,18.89894817723896,"null-consistent (IBD arm: p=0.48 n_true, p=0.87 n_pathways, p=0.49 top score; see pathway_permutation_crosscohort.csv)",ibd_subject,IBD
106,PWY-7446: sulfoglycolysis,18.645216426193112,"null-consistent (IBD arm: p=0.48 n_true, p=0.87 n_pathways, p=0.49 top score; see pathway_permutation_crosscohort.csv)",ibd_subject,IBD
107,PWY-7204: pyridoxal 5'-phosphate salvage II (plants),18.623942627849395,"null-consistent (IBD arm: p=0.48 n_true, p=0.87 n_pathways, p=0.49 top score; see pathway_permutation_crosscohort.csv)",ibd_subject,IBD
108,PWY490-3: nitrate reduction VI (assimilatory),18.449457867326903,"null-consistent (IBD arm: p=0.48 n_true, p=0.87 n_pathways, p=0.49 top score; see pathway_permutation_crosscohort.csv)",ibd_subject,IBD
109,PWY4LZ-257: superpathway of fermentation (Chlamydomonas reinhardtii),18.390740203193037,"null-consistent (IBD arm: p=0.48 n_true, p=0.87 n_pathways, p=0.49 top score; see pathway_permutation_crosscohort.csv)",ibd_subject,IBD
110,PWY-6690: cinnamate and 3-hydroxycinnamate degradation to 2-oxopent-4-enoate,18.27347562537352,"null-consistent (IBD arm: p=0.48 n_true, p=0.87 n_pathways, p=0.49 top score; see pathway_permutation_crosscohort.csv)",ibd_subject,IBD
111,HCAMHPDEG-PWY: 3-phenylpropanoate and 3-(3-hydroxyphenyl)propanoate degradation to 2-oxopent-4-enoate,18.273475625373518,"null-consistent (IBD arm: p=0.48 n_true, p=0.87 n_pathways, p=0.49 top score; see pathway_permutation_crosscohort.csv)",ibd_subject,IBD
112,FUC-RHAMCAT-PWY: superpathway of fucose and rhamnose degradation,18.265877230427733,"null-consistent (IBD arm: p=0.48 n_true, p=0.87 n_pathways, p=0.49 top score; see pathway_permutation_crosscohort.csv)",ibd_subject,IBD
113,PWY-5677: succinate fermentation to butanoate,18.10327499359686,"null-consistent (IBD arm: p=0.48 n_true, p=0.87 n_pathways, p=0.49 top score; see pathway_permutation_crosscohort.csv)",ibd_subject,IBD
114,HEXITOLDEGSUPER-PWY: superpathway of hexitol degradation (bacteria),17.652299154785283,"null-consistent (IBD arm: p=0.48 n_true, p=0.87 n_pathways, p=0.49 top score; see pathway_permutation_crosscohort.csv)",ibd_subject,IBD
115,"PWY-5138: unsaturated, even numbered fatty acid &beta;-oxidation",17.33539656791599,"null-consistent (IBD arm: p=0.48 n_true, p=0.87 n_pathways, p=0.49 top score; see pathway_permutation_crosscohort.csv)",ibd_subject,IBD
116,PWY-5022: 4-aminobutanoate degradation V,17.332954836506442,"null-consistent (IBD arm: p=0.48 n_true, p=0.87 n_pathways, p=0.49 top score; see pathway_permutation_crosscohort.csv)",ibd_subject,IBD
117,GLUCARDEG-PWY: D-glucarate degradation I,17.316152992401605,"null-consistent (IBD arm: p=0.48 n_true, p=0.87 n_pathways, p=0.49 top score; see pathway_permutation_crosscohort.csv)",ibd_subject,IBD
118,PWY-6895: superpathway of thiamin diphosphate biosynthesis II,17.27693844446341,"null-consistent (IBD arm: p=0.48 n_true, p=0.87 n_pathways, p=0.49 top score; see pathway_permutation_crosscohort.csv)",ibd_subject,IBD
119,P441-PWY: superpathway of N-acetylneuraminate degradation,17.243510629215407,"null-consistent (IBD arm: p=0.48 n_true, p=0.87 n_pathways, p=0.49 top score; see pathway_permutation_crosscohort.csv)",ibd_subject,IBD
120,PWY-7209: superpathway of pyrimidine ribonucleosides degradation,17.125807222743955,"null-consistent (IBD arm: p=0.48 n_true, p=0.87 n_pathways, p=0.49 top score; see pathway_permutation_crosscohort.csv)",ibd_subject,IBD
121,PWY-5747: 2-methylcitrate cycle II,16.94985400836677,"null-consistent (IBD arm: p=0.48 n_true, p=0.87 n_pathways, p=0.49 top score; see pathway_permutation_crosscohort.csv)",ibd_subject,IBD
122,PWY-5384: sucrose degradation IV (sucrose phosphorylase),16.85957312387945,"null-consistent (IBD arm: p=0.48 n_true, p=0.87 n_pathways, p=0.49 top score; see pathway_permutation_crosscohort.csv)",ibd_subject,IBD
123,PWY0-1338: polymyxin resistance,16.794018611798855,"null-consistent (IBD arm: p=0.48 n_true, p=0.87 n_pathways, p=0.49 top score; see pathway_permutation_crosscohort.csv)",ibd_subject,IBD
124,PWY-7279: aerobic respiration II (cytochrome c) (yeast),16.635888329206864,"null-consistent (IBD arm: p=0.48 n_true, p=0.87 n_pathways, p=0.49 top score; see pathway_permutation_crosscohort.csv)",ibd_subject,IBD
125,LPSSYN-PWY: superpathway of lipopolysaccharide biosynthesis,16.496164944932982,"null-consistent (IBD arm: p=0.48 n_true, p=0.87 n_pathways, p=0.49 top score; see pathway_permutation_crosscohort.csv)",ibd_subject,IBD
126,PWY0-1297: superpathway of purine deoxyribonucleosides degradation,16.4060240758132,"null-consistent (IBD arm: p=0.48 n_true, p=0.87 n_pathways, p=0.49 top score; see pathway_permutation_crosscohort.csv)",ibd_subject,IBD
127,PWY-6731: starch degradation III,16.352239392128403,"null-consistent (IBD arm: p=0.48 n_true, p=0.87 n_pathways, p=0.49 top score; see pathway_permutation_crosscohort.csv)",ibd_subject,IBD
128,"PWY-6953: dTDP-3-acetamido-3,6-dideoxy-&alpha;-D-galactose biosynthesis",16.301593101681885,"null-consistent (IBD arm: p=0.48 n_true, p=0.87 n_pathways, p=0.49 top score; see pathway_permutation_crosscohort.csv)",ibd_subject,IBD
129,PWY0-41: allantoin degradation IV (anaerobic),16.27565098608384,"null-consistent (IBD arm: p=0.48 n_true, p=0.87 n_pathways, p=0.49 top score; see pathway_permutation_crosscohort.csv)",ibd_subject,IBD
130,PWY3O-355: stearate biosynthesis III (fungi),16.26024075813199,"null-consistent (IBD arm: p=0.48 n_true, p=0.87 n_pathways, p=0.49 top score; see pathway_permutation_crosscohort.csv)",ibd_subject,IBD
131,PWY66-409: superpathway of purine nucleotide salvage,16.046387774267906,"null-consistent (IBD arm: p=0.48 n_true, p=0.87 n_pathways, p=0.49 top score; see pathway_permutation_crosscohort.csv)",ibd_subject,IBD
132,PWY-6588: pyruvate fermentation to acetone,15.903937505335952,"null-consistent (IBD arm: p=0.48 n_true, p=0.87 n_pathways, p=0.49 top score; see pathway_permutation_crosscohort.csv)",ibd_subject,IBD
133,ALLANTOINDEG-PWY: superpathway of allantoin degradation in yeast,15.692133526850505,"null-consistent (IBD arm: p=0.48 n_true, p=0.87 n_pathways, p=0.49 top score; see pathway_permutation_crosscohort.csv)",ibd_subject,IBD
134,SULFATE-CYS-PWY: superpathway of sulfate assimilation and cysteine biosynthesis,15.606913685648424,"null-consistent (IBD arm: p=0.48 n_true, p=0.87 n_pathways, p=0.49 top score; see pathway_permutation_crosscohort.csv)",ibd_subject,IBD
135,"PWY-7115: C4 photosynthetic carbon assimilation cycle, NAD-ME type",15.400582259028424,"null-consistent (IBD arm: p=0.48 n_true, p=0.87 n_pathways, p=0.49 top score; see pathway_permutation_crosscohort.csv)",ibd_subject,IBD
136,PWY-7269: NAD/NADP-NADH/NADPH mitochondrial interconversion (yeast),15.206034320840091,"null-consistent (IBD arm: p=0.48 n_true, p=0.87 n_pathways, p=0.49 top score; see pathway_permutation_crosscohort.csv)",ibd_subject,IBD
137,GLUCOSE1PMETAB-PWY: glucose and glucose-1-phosphate degradation,15.0150311619568,"null-consistent (IBD arm: p=0.48 n_true, p=0.87 n_pathways, p=0.49 top score; see pathway_permutation_crosscohort.csv)",ibd_subject,IBD
138,PWY-6284: superpathway of unsaturated fatty acids biosynthesis (E. coli),14.73241355758559,"null-consistent (IBD arm: p=0.48 n_true, p=0.87 n_pathways, p=0.49 top score; see pathway_permutation_crosscohort.csv)",ibd_subject,IBD
139,PWY-6531: mannitol cycle,14.674283274993591,"null-consistent (IBD arm: p=0.48 n_true, p=0.87 n_pathways, p=0.49 top score; see pathway_permutation_crosscohort.csv)",ibd_subject,IBD
140,PWY-6143: CMP-pseudaminate biosynthesis,14.6123162298301,"null-consistent (IBD arm: p=0.48 n_true, p=0.87 n_pathways, p=0.49 top score; see pathway_permutation_crosscohort.csv)",ibd_subject,IBD
141,PWY-6113: superpathway of mycolate biosynthesis,14.518978912319644,"null-consistent (IBD arm: p=0.48 n_true, p=0.87 n_pathways, p=0.49 top score; see pathway_permutation_crosscohort.csv)",ibd_subject,IBD
142,"P461-PWY: hexitol fermentation to lactate, formate, ethanol and acetate",14.46554255954922,"null-consistent (IBD arm: p=0.48 n_true, p=0.87 n_pathways, p=0.49 top score; see pathway_permutation_crosscohort.csv)",ibd_subject,IBD
143,PWY66-391: fatty acid &beta;-oxidation VI (peroxisome),14.380438828651926,"null-consistent (IBD arm: p=0.48 n_true, p=0.87 n_pathways, p=0.49 top score; see pathway_permutation_crosscohort.csv)",ibd_subject,IBD
144,PWY-5840: superpathway of menaquinol-7 biosynthesis,14.217361905575,"null-consistent (IBD arm: p=0.48 n_true, p=0.87 n_pathways, p=0.49 top score; see pathway_permutation_crosscohort.csv)",ibd_subject,IBD
145,P221-PWY: octane oxidation,13.583623324511226,"null-consistent (IBD arm: p=0.48 n_true, p=0.87 n_pathways, p=0.49 top score; see pathway_permutation_crosscohort.csv)",ibd_subject,IBD
146,PWY-5345: superpathway of L-methionine biosynthesis (by sulfhydrylation),13.57663109365662,"null-consistent (IBD arm: p=0.48 n_true, p=0.87 n_pathways, p=0.49 top score; see pathway_permutation_crosscohort.csv)",ibd_subject,IBD
147,PWY-5367: petroselinate biosynthesis,13.036581576026638,"null-consistent (IBD arm: p=0.48 n_true, p=0.87 n_pathways, p=0.49 top score; see pathway_permutation_crosscohort.csv)",ibd_subject,IBD
148,P23-PWY: reductive TCA cycle I,13.002976180312476,"null-consistent (IBD arm: p=0.48 n_true, p=0.87 n_pathways, p=0.49 top score; see pathway_permutation_crosscohort.csv)",ibd_subject,IBD
149,PWY0-781: aspartate superpathway,12.99308119183813,"null-consistent (IBD arm: p=0.48 n_true, p=0.87 n_pathways, p=0.49 top score; see pathway_permutation_crosscohort.csv)",ibd_subject,IBD
150,"P4-PWY: superpathway of L-lysine, L-threonine and L-methionine biosynthesis I",12.491361734824553,"null-consistent (IBD arm: p=0.48 n_true, p=0.87 n_pathways, p=0.49 top score; see pathway_permutation_crosscohort.csv)",ibd_subject,IBD
151,POLYAMINSYN3-PWY: superpathway of polyamine biosynthesis II,12.175562195850764,"null-consistent (IBD arm: p=0.48 n_true, p=0.87 n_pathways, p=0.49 top score; see pathway_permutation_crosscohort.csv)",ibd_subject,IBD
152,"PWY-5837: 1,4-dihydroxy-2-naphthoate biosynthesis I",12.081253308289934,"null-consistent (IBD arm: p=0.48 n_true, p=0.87 n_pathways, p=0.49 top score; see pathway_permutation_crosscohort.csv)",ibd_subject,IBD
153,"PWY-5791: 1,4-dihydroxy-2-naphthoate biosynthesis II (plants)",12.081253308289932,"null-consistent (IBD arm: p=0.48 n_true, p=0.87 n_pathways, p=0.49 top score; see pathway_permutation_crosscohort.csv)",ibd_subject,IBD
154,PWY-5863: superpathway of phylloquinol biosynthesis,12.07683599419448,"null-consistent (IBD arm: p=0.48 n_true, p=0.87 n_pathways, p=0.49 top score; see pathway_permutation_crosscohort.csv)",ibd_subject,IBD
155,NAD-BIOSYNTHESIS-II: NAD salvage pathway II,11.931564927857934,"null-consistent (IBD arm: p=0.48 n_true, p=0.87 n_pathways, p=0.49 top score; see pathway_permutation_crosscohort.csv)",ibd_subject,IBD
156,GLUCARGALACTSUPER-PWY: superpathway of D-glucarate and D-galactarate degradation,11.824471954238875,"null-consistent (IBD arm: p=0.48 n_true, p=0.87 n_pathways, p=0.49 top score; see pathway_permutation_crosscohort.csv)",ibd_subject,IBD
157,GALACTARDEG-PWY: D-galactarate degradation I,11.824471954238875,"null-consistent (IBD arm: p=0.48 n_true, p=0.87 n_pathways, p=0.49 top score; see pathway_permutation_crosscohort.csv)",ibd_subject,IBD
158,PWY-5838: superpathway of menaquinol-8 biosynthesis I,11.751441987535214,"null-consistent (IBD arm: p=0.48 n_true, p=0.87 n_pathways, p=0.49 top score; see pathway_permutation_crosscohort.csv)",ibd_subject,IBD
159,PWY-5899: superpathway of menaquinol-13 biosynthesis,11.729034406215318,"null-consistent (IBD arm: p=0.48 n_true, p=0.87 n_pathways, p=0.49 top score; see pathway_permutation_crosscohort.csv)",ibd_subject,IBD
160,PWY-5898: superpathway of menaquinol-12 biosynthesis,11.729034406215316,"null-consistent (IBD arm: p=0.48 n_true, p=0.87 n_pathways, p=0.49 top score; see pathway_permutation_crosscohort.csv)",ibd_subject,IBD
161,PWY-5897: superpathway of menaquinol-11 biosynthesis,11.729034406215314,"null-consistent (IBD arm: p=0.48 n_true, p=0.87 n_pathways, p=0.49 top score; see pathway_permutation_crosscohort.csv)",ibd_subject,IBD
162,GLYCOCAT-PWY: glycogen degradation I (bacterial),11.49597199692649,"null-consistent (IBD arm: p=0.48 n_true, p=0.87 n_pathways, p=0.49 top score; see pathway_permutation_crosscohort.csv)",ibd_subject,IBD
163,FUCCAT-PWY: fucose degradation,11.3983693332195,"null-consistent (IBD arm: p=0.48 n_true, p=0.87 n_pathways, p=0.49 top score; see pathway_permutation_crosscohort.csv)",ibd_subject,IBD
164,PWY-5971: palmitate biosynthesis II (bacteria and plants),11.32327840860582,"null-consistent (IBD arm: p=0.48 n_true, p=0.87 n_pathways, p=0.49 top score; see pathway_permutation_crosscohort.csv)",ibd_subject,IBD
165,PWY-5861: superpathway of demethylmenaquinol-8 biosynthesis,11.185609152224025,"null-consistent (IBD arm: p=0.48 n_true, p=0.87 n_pathways, p=0.49 top score; see pathway_permutation_crosscohort.csv)",ibd_subject,IBD
166,PWY0-1298: superpathway of pyrimidine deoxyribonucleosides degradation,11.012640655681722,"null-consistent (IBD arm: p=0.48 n_true, p=0.87 n_pathways, p=0.49 top score; see pathway_permutation_crosscohort.csv)",ibd_subject,IBD
167,PWY-2723: trehalose degradation V,10.980879364808333,"null-consistent (IBD arm: p=0.48 n_true, p=0.87 n_pathways, p=0.49 top score; see pathway_permutation_crosscohort.csv)",ibd_subject,IBD
168,PWY-7316: dTDP-N-acetylviosamine biosynthesis,10.932502347818666,"null-consistent (IBD arm: p=0.48 n_true, p=0.87 n_pathways, p=0.49 top score; see pathway_permutation_crosscohort.csv)",ibd_subject,IBD
169,"ARGORNPROST-PWY: arginine, ornithine and proline interconversion",10.568131136344237,"null-consistent (IBD arm: p=0.48 n_true, p=0.87 n_pathways, p=0.49 top score; see pathway_permutation_crosscohort.csv)",ibd_subject,IBD
170,NONMEVIPP-PWY: methylerythritol phosphate pathway I,10.513695893451722,"null-consistent (IBD arm: p=0.48 n_true, p=0.87 n_pathways, p=0.49 top score; see pathway_permutation_crosscohort.csv)",ibd_subject,IBD
171,PWY-6270: isoprene biosynthesis I,10.466411679330658,"null-consistent (IBD arm: p=0.48 n_true, p=0.87 n_pathways, p=0.49 top score; see pathway_permutation_crosscohort.csv)",ibd_subject,IBD
172,PWY-7560: methylerythritol phosphate pathway II,10.443269871083414,"null-consistent (IBD arm: p=0.48 n_true, p=0.87 n_pathways, p=0.49 top score; see pathway_permutation_crosscohort.csv)",ibd_subject,IBD
173,LACTOSECAT-PWY: lactose and galactose degradation I,10.36892171091949,"null-consistent (IBD arm: p=0.48 n_true, p=0.87 n_pathways, p=0.49 top score; see pathway_permutation_crosscohort.csv)",ibd_subject,IBD
174,PWY-5121: superpathway of geranylgeranyl diphosphate biosynthesis II (via MEP),10.200845214718688,"null-consistent (IBD arm: p=0.48 n_true, p=0.87 n_pathways, p=0.49 top score; see pathway_permutation_crosscohort.csv)",ibd_subject,IBD
175,PWY-7392: taxadiene biosynthesis (engineered),10.182521984120209,"null-consistent (IBD arm: p=0.48 n_true, p=0.87 n_pathways, p=0.49 top score; see pathway_permutation_crosscohort.csv)",ibd_subject,IBD
176,PWY-6612: superpathway of tetrahydrofolate biosynthesis,10.00744813455135,"null-consistent (IBD arm: p=0.48 n_true, p=0.87 n_pathways, p=0.49 top score; see pathway_permutation_crosscohort.csv)",ibd_subject,IBD
177,FOLSYN-PWY: superpathway of tetrahydrofolate biosynthesis and salvage,9.366628532399895,"null-consistent (IBD arm: p=0.48 n_true, p=0.87 n_pathways, p=0.49 top score; see pathway_permutation_crosscohort.csv)",ibd_subject,IBD
178,METHGLYUT-PWY: superpathway of methylglyoxal degradation,9.246679757534364,"null-consistent (IBD arm: p=0.48 n_true, p=0.87 n_pathways, p=0.49 top score; see pathway_permutation_crosscohort.csv)",ibd_subject,IBD
179,HEME-BIOSYNTHESIS-II: heme biosynthesis I (aerobic),9.221142320498588,"null-consistent (IBD arm: p=0.48 n_true, p=0.87 n_pathways, p=0.49 top score; see pathway_permutation_crosscohort.csv)",ibd_subject,IBD
180,PWY-7328: superpathway of UDP-glucose-derived O-antigen building blocks biosynthesis,8.60035003841885,"null-consistent (IBD arm: p=0.48 n_true, p=0.87 n_pathways, p=0.49 top score; see pathway_permutation_crosscohort.csv)",ibd_subject,IBD
181,PWY-3781: aerobic respiration I (cytochrome c),8.401420643729189,"null-consistent (IBD arm: p=0.48 n_true, p=0.87 n_pathways, p=0.49 top score; see pathway_permutation_crosscohort.csv)",ibd_subject,IBD
182,PWY-7315: dTDP-N-acetylthomosamine biosynthesis,7.519170152821651,"null-consistent (IBD arm: p=0.48 n_true, p=0.87 n_pathways, p=0.49 top score; see pathway_permutation_crosscohort.csv)",ibd_subject,IBD
183,PWY-6749: CMP-legionaminate biosynthesis I,7.126618287373004,"null-consistent (IBD arm: p=0.48 n_true, p=0.87 n_pathways, p=0.49 top score; see pathway_permutation_crosscohort.csv)",ibd_subject,IBD
184,PWY-1861: formaldehyde assimilation II (RuMP Cycle),6.617046017245796,"null-consistent (IBD arm: p=0.48 n_true, p=0.87 n_pathways, p=0.49 top score; see pathway_permutation_crosscohort.csv)",ibd_subject,IBD
185,"PWY-5464: superpathway of cytosolic glycolysis (plants), pyruvate dehydrogenase and TCA cycle",6.447308119183812,"null-consistent (IBD arm: p=0.48 n_true, p=0.87 n_pathways, p=0.49 top score; see pathway_permutation_crosscohort.csv)",ibd_subject,IBD
186,PWY66-389: phytol degradation,5.08520959617519,"null-consistent (IBD arm: p=0.48 n_true, p=0.87 n_pathways, p=0.49 top score; see pathway_permutation_crosscohort.csv)",ibd_subject,IBD
187,PWY66-398: TCA cycle III (animals),3.653350977546316,"null-consistent (IBD arm: p=0.48 n_true, p=0.87 n_pathways, p=0.49 top score; see pathway_permutation_crosscohort.csv)",ibd_subject,IBD
