n_rewired,n_true,frac_true,n_exclusive,n_sign,n_diffweighted,max_node_score,cohort,variant,condition,tau,delta,n_edges_male,n_edges_female,n_feat_male,n_feat_female
47691,11255,0.23599840640791764,44869,100,2722,139.7062317996505,acvd,clr,control,0.2,0.1,23329,35156,348,390
45792,9356,0.2043151642208246,44869,100,823,139.7062317996505,acvd,clr,control,0.2,0.2,23329,35156,348,390
45176,8740,0.19346555693288472,44869,100,207,139.7062317996505,acvd,clr,control,0.2,0.3,23329,35156,348,390
44992,8556,0.19016714082503555,44869,100,23,139.7062317996505,acvd,clr,control,0.2,0.4,23329,35156,348,390
44969,8533,0.18975294091485245,44869,100,0,139.7062317996505,acvd,clr,control,0.2,0.5,23329,35156,348,390
35127,8439,0.2402425484669912,33130,19,1978,131.45664531158997,acvd,clr,control,0.25,0.1,16652,26434,348,390
33772,7084,0.20975956413597063,33130,19,623,131.45664531158997,acvd,clr,control,0.25,0.2,16652,26434,348,390
33301,6613,0.198582625146392,33130,19,152,131.45664531158997,acvd,clr,control,0.25,0.3,16652,26434,348,390
33164,6476,0.19527198166686768,33130,19,15,131.45664531158997,acvd,clr,control,0.25,0.4,16652,26434,348,390
33149,6461,0.19490784035717518,33130,19,0,131.45664531158997,acvd,clr,control,0.25,0.5,16652,26434,348,390
25450,6246,0.24542239685658154,24022,2,1426,124.20647641234712,acvd,clr,control,0.3,0.1,11740,19630,348,390
24505,5301,0.21632319934707203,24022,2,481,124.20647641234712,acvd,clr,control,0.3,0.2,11740,19630,348,390
24144,4940,0.20460569913850232,24022,2,120,124.20647641234712,acvd,clr,control,0.3,0.3,11740,19630,348,390
24038,4834,0.20109826108661286,24022,2,14,124.20647641234712,acvd,clr,control,0.3,0.4,11740,19630,348,390
24024,4820,0.20063270063270064,24022,2,0,124.20647641234712,acvd,clr,control,0.3,0.5,11740,19630,348,390
18157,4407,0.24271630776009254,17140,0,1017,112.133057658707,acvd,clr,control,0.35,0.1,8309,14281,348,390
17488,3738,0.21374656907593778,17140,0,348,112.133057658707,acvd,clr,control,0.35,0.2,8309,14281,348,390
17239,3489,0.2023899298103138,17140,0,99,112.133057658707,acvd,clr,control,0.35,0.3,8309,14281,348,390
17152,3402,0.19834421641791045,17140,0,12,112.133057658707,acvd,clr,control,0.35,0.4,8309,14281,348,390
17140,3390,0.19778296382730456,17140,0,0,112.133057658707,acvd,clr,control,0.35,0.5,8309,14281,348,390
12718,2946,0.2316401949992137,11969,0,749,95.76087361677341,acvd,clr,control,0.4,0.1,6108,10131,348,390
12234,2462,0.201242439104136,11969,0,265,95.76087361677341,acvd,clr,control,0.4,0.2,6108,10131,348,390
12037,2265,0.18816980975326078,11969,0,68,95.76087361677341,acvd,clr,control,0.4,0.3,6108,10131,348,390
11974,2202,0.1838984466343745,11969,0,5,95.76087361677341,acvd,clr,control,0.4,0.4,6108,10131,348,390
11969,2197,0.18355752360264016,11969,0,0,95.76087361677341,acvd,clr,control,0.4,0.5,6108,10131,348,390
6785,1496,0.22048636698599852,6300,0,485,73.00707047175308,acvd,clr,control,0.5,0.1,3713,5569,348,390
6439,1150,0.1785991613604597,6300,0,139,73.00707047175308,acvd,clr,control,0.5,0.2,3713,5569,348,390
6323,1034,0.16352996995097263,6300,0,23,73.00707047175308,acvd,clr,control,0.5,0.3,3713,5569,348,390
6300,1011,0.16047619047619047,6300,0,0,73.00707047175308,acvd,clr,control,0.5,0.4,3713,5569,348,390
6300,1011,0.16047619047619047,6300,0,0,73.00707047175308,acvd,clr,control,0.5,0.5,3713,5569,348,390
24307,4669,0.19208458468753856,23781,37,489,70.10687059301516,acvd,clr,ACVD,0.2,0.1,10123,17326,318,358
23912,4274,0.17873870859819338,23781,37,94,68.00476203645404,acvd,clr,ACVD,0.2,0.2,10123,17326,318,358
23838,4200,0.17618927762396175,23781,37,20,67.2596387151524,acvd,clr,ACVD,0.2,0.3,10123,17326,318,358
23820,4182,0.17556675062972293,23781,37,2,67.2596387151524,acvd,clr,ACVD,0.2,0.4,10123,17326,318,358
23818,4180,0.17549752288185405,23781,37,0,67.2596387151524,acvd,clr,ACVD,0.2,0.5,10123,17326,318,358
15873,3093,0.19485919485919487,15600,5,268,60.92489232652448,acvd,clr,ACVD,0.25,0.1,6355,11627,318,358
15652,2872,0.1834909276769742,15600,5,47,59.53354972499841,acvd,clr,ACVD,0.25,0.2,6355,11627,318,358
15610,2830,0.18129404228058937,15600,5,5,59.04810182361036,acvd,clr,ACVD,0.25,0.3,6355,11627,318,358
15605,2825,0.18103172060237102,15600,5,0,59.04810182361036,acvd,clr,ACVD,0.25,0.4,6355,11627,318,358
15605,2825,0.18103172060237102,15600,5,0,59.04810182361036,acvd,clr,ACVD,0.25,0.5,6355,11627,318,358
10334,1895,0.18337526611186375,10142,0,192,54.30845544297478,acvd,clr,ACVD,0.3,0.1,4070,7810,318,358
10175,1736,0.17061425061425062,10142,0,33,53.38727913221987,acvd,clr,ACVD,0.3,0.2,4070,7810,318,358
10146,1707,0.16824364281490242,10142,0,4,53.12855293279688,acvd,clr,ACVD,0.3,0.3,4070,7810,318,358
10142,1703,0.1679155985012818,10142,0,0,53.12855293279688,acvd,clr,ACVD,0.3,0.4,4070,7810,318,358
10142,1703,0.1679155985012818,10142,0,0,53.12855293279688,acvd,clr,ACVD,0.3,0.5,4070,7810,318,358
6819,1004,0.14723566505352692,6659,0,160,49.454708300969614,acvd,clr,ACVD,0.35,0.1,2902,5171,318,358
6689,874,0.13066228135745253,6659,0,30,48.79908807716367,acvd,clr,ACVD,0.35,0.2,2902,5171,318,358
6661,846,0.12700795676324877,6659,0,2,48.54036187774068,acvd,clr,ACVD,0.35,0.3,2902,5171,318,358
6659,844,0.12674575762126444,6659,0,0,48.54036187774068,acvd,clr,ACVD,0.35,0.4,2902,5171,318,358
6659,844,0.12674575762126444,6659,0,0,48.54036187774068,acvd,clr,ACVD,0.35,0.5,2902,5171,318,358
4762,574,0.12053758924821503,4640,0,122,37.81861514665201,acvd,clr,ACVD,0.4,0.1,2213,3653,318,358
4663,475,0.10186575166202017,4640,0,23,37.61678910883529,acvd,clr,ACVD,0.4,0.2,2213,3653,318,358
4642,454,0.0978026712623869,4640,0,2,37.61678910883529,acvd,clr,ACVD,0.4,0.3,2213,3653,318,358
4640,452,0.09741379310344828,4640,0,0,37.61678910883529,acvd,clr,ACVD,0.4,0.4,2213,3653,318,358
4640,452,0.09741379310344828,4640,0,0,37.61678910883529,acvd,clr,ACVD,0.4,0.5,2213,3653,318,358
2654,234,0.08816880180859081,2574,0,80,25.579129419232775,acvd,clr,ACVD,0.5,0.1,1415,2119,318,358
2588,168,0.06491499227202473,2574,0,14,25.377303381416056,acvd,clr,ACVD,0.5,0.2,1415,2119,318,358
2576,156,0.06055900621118013,2574,0,2,25.377303381416056,acvd,clr,ACVD,0.5,0.3,1415,2119,318,358
2574,154,0.05982905982905983,2574,0,0,25.377303381416056,acvd,clr,ACVD,0.5,0.4,1415,2119,318,358
2574,154,0.05982905982905983,2574,0,0,25.377303381416056,acvd,clr,ACVD,0.5,0.5,1415,2119,318,358
